{
  "llama2:latest": {
    "model": "llama2:latest",
    "total_questions": 18,
    "successful_answers": 18,
    "success_rate": 100.0,
    "avg_latency": 103.95141164461772,
    "avg_throughput": 2.572522979112172,
    "avg_cosine_similarity": 0.3472281546381692,
    "avg_precision": 0.45709876543209876,
    "avg_entity_overlap_truth": 0.4843915343915344,
    "hallucination_rate": 38.88888888888889,
    "avg_hallucination_count": 0.4444444444444444,
    "avg_answer_length": 213.11111111111111,
    "median_latency": 104.86344826221466,
    "median_cosine_similarity": 0.3353807991880162,
    "latency_std": 35.84863034478571,
    "cosine_sim_std": 0.1329143459808284
  },
  "mistral:latest": {
    "model": "mistral:latest",
    "total_questions": 18,
    "successful_answers": 18,
    "success_rate": 100.0,
    "avg_latency": 56.39833290047116,
    "avg_throughput": 2.961133670923942,
    "avg_cosine_similarity": 0.3546028476282461,
    "avg_precision": 0.4480599647266314,
    "avg_entity_overlap_truth": 0.5047619047619047,
    "hallucination_rate": 27.77777777777778,
    "avg_hallucination_count": 0.3888888888888889,
    "avg_answer_length": 127.11111111111111,
    "median_latency": 53.38003933429718,
    "median_cosine_similarity": 0.3550517642675288,
    "latency_std": 18.27405709339662,
    "cosine_sim_std": 0.12484126533753176
  },
  "olmo2:latest": {
    "model": "olmo2:latest",
    "total_questions": 18,
    "successful_answers": 18,
    "success_rate": 100.0,
    "avg_latency": 110.67714497778151,
    "avg_throughput": 3.614857421043234,
    "avg_cosine_similarity": 0.34231368235365134,
    "avg_precision": 0.3598124098124098,
    "avg_entity_overlap_truth": 0.5343915343915344,
    "hallucination_rate": 77.77777777777779,
    "avg_hallucination_count": 0.5,
    "avg_answer_length": 304.5,
    "median_latency": 107.28577327728271,
    "median_cosine_similarity": 0.351671990926842,
    "latency_std": 31.686178180440056,
    "cosine_sim_std": 0.12903801602416423
  }
}